customer_name,email,phone_number,gender,birth_date,id_number
Toby Funk,Luigi8@hotmail.com,0953316642,female,1982-01-22,009120488092
Ms. Morris McClure,Astrid.Turner@yahoo.com,0990729203,male,1991-05-25,117420807888
Dr. Dominic Mayert,Orville_Kuhn@gmail.com,0904654354,female,1959-09-02,632853636688
Sara Oberbrunner,Destiny_Kassulke@gmail.com,0950126602,female,2004-07-12,275267926788
Wilbur Towne,Alec17@yahoo.com,0922272978,female,1970-08-11,204667950723
Lee Dach PhD,Kayley_Hoppe76@yahoo.com,0956026579,female,1999-07-19,983692546844
Perry Smith,Marian.Mertz61@hotmail.com,0997892128,male,1966-11-24,579749475931
Margaret Wyman MD,Lia_Graham@yahoo.com,0933254811,male,1977-05-15,404686948609
Belinda Cartwright,Luz93@hotmail.com,0922845276,male,1995-09-13,477547392650
Candice Yost,Cecelia.Glover@yahoo.com,0973543957,male,2000-07-05,151328219609
Becky Konopelski,Brian74@gmail.com,0996904127,male,1973-02-15,541448847968
Clint Zemlak,Vinnie66@yahoo.com,0956188563,female,1982-07-19,478995418867
Edwin Wiza,Tod_Waelchi@gmail.com,0937724354,female,1986-04-14,124426948185
Justin Hyatt,Sanford.Witting@yahoo.com,0994305857,female,1988-08-27,714109047909
Jordan Larson,Greyson.Fisher79@hotmail.com,0936037045,male,1993-09-27,419481649407
Brandi Altenwerth IV,Kayley86@yahoo.com,0953981100,male,1962-01-10,104599726598
Patricia Farrell,Wyman98@yahoo.com,0936559022,male,1965-02-03,833704380580
Chelsea Paucek I,Aimee6@hotmail.com,0965821109,female,1967-03-25,148221796614
Ms. Joyce Kerluke,Rafaela_Cassin39@yahoo.com,0976187160,male,1962-05-05,988490628499
Mitchell Russel,Bret_VonRueden@gmail.com,0945708978,female,1993-07-24,544221787438
Naomi Franecki,Rashawn_Keeling35@yahoo.com,0962468654,male,1974-10-09,492852985982
Luke Kris,Gudrun_McClure54@gmail.com,0951396389,male,1970-05-20,627806464318
Ronnie Gleason,Myra.Stracke2@hotmail.com,0929383816,female,1986-09-25,494301776074
Alfred Rice,Cedrick_King@yahoo.com,0979364152,male,2005-06-15,944479911041
Darryl Ritchie,Ezra28@gmail.com,0959560924,female,1956-09-08,519261860213
Stacy Howe,Florence.Turcotte@yahoo.com,0945441779,female,1956-05-08,635890024922
Jennifer Frami,Sanford.Olson@hotmail.com,0977360558,female,2002-10-08,146331072422
Donald Fisher,Jamir68@gmail.com,0993441133,male,1966-01-21,470913268057
Mr. Patty Watsica,Karine49@yahoo.com,0961278865,female,1990-03-04,790772363899
Ms. Leslie Batz,Jayden87@hotmail.com,0940430152,male,1986-05-29,342190380381
Donna Littel,Baylee_Jakubowski@yahoo.com,0974213601,male,1995-04-03,539413764291
Darren Barrows,Jayme5@hotmail.com,0911623663,male,1999-05-19,819563569049
Dianna Hamill,Enid34@gmail.com,0903160293,female,1963-02-07,478662630792
Nathan Wisozk Jr.,Kian_Okuneva@gmail.com,0944672476,male,1979-03-06,261214208099
Terence Pollich Jr.,Javonte37@hotmail.com,0986884988,male,1981-10-27,190350814300
Wesley Mueller,Lauretta32@hotmail.com,0918523860,male,1963-04-01,065069732193
Annette Williamson,Obie_Kshlerin@hotmail.com,0922144488,male,1990-06-12,581297350817
Jerald Volkman,Soledad.Effertz79@gmail.com,0997324029,female,2005-12-07,716051463508
Raymond Kautzer,Lolita.Lind@gmail.com,0919541035,female,1960-11-25,264664453949
Sarah Johnson,Kathryne13@hotmail.com,0980365324,male,1996-02-19,955513099612
Jessie Osinski MD,Derick.Streich@hotmail.com,0936632443,female,1956-01-03,800571832341
Shannon Stark,Daphne.Hartmann12@yahoo.com,0987713327,male,1977-10-05,897835728817
Salvador Kihn,Ezequiel.Davis98@hotmail.com,0911566849,male,1962-10-13,026502233257
Annette Reinger,Craig.Mann7@gmail.com,0936539217,female,1968-09-07,912657813057
Ms. Christopher Schaden,Iva.Walsh23@yahoo.com,0925905731,male,1969-11-22,596917103334
Johnny Jacobs,Chaya12@gmail.com,0945860123,male,1999-07-27,353207117440
Ramiro Emard,Bianka_Hammes28@yahoo.com,0962499321,female,1951-07-28,290198300716
Cecilia Little,Gertrude.Ernser@hotmail.com,0942397029,male,1990-05-19,458271000577
Joanna Kemmer,Giovani.Ankunding@gmail.com,0966903582,male,1951-11-30,711347212956
Gabriel Walsh,Kristy_Raynor90@yahoo.com,0924504445,female,1960-12-22,068993165361
Brenda Bayer,Rylee_Zboncak45@hotmail.com,0945881326,male,1971-02-27,750862178662
Greg Waelchi DDS,Michelle.OConnell@yahoo.com,0977955899,male,1990-08-11,700616273959
Jackie Cormier,Michael.Brekke@yahoo.com,0926449952,male,1971-08-24,518796145210
Sharon Gottlieb,Mandy80@gmail.com,0949026559,male,1990-09-03,104344970065
Elvira Carroll,Mariela.Fisher1@yahoo.com,0975688674,female,1951-05-03,280460120821
Ora Metz II,Jarvis.Carroll96@hotmail.com,0979630294,male,1968-10-10,768312170926
Lois Conn,Frances56@gmail.com,0960373022,male,1971-07-24,986231254568
Trevor Ondricka,Adolfo33@yahoo.com,0917896042,male,1988-03-06,350981984467
Rachel Hand,Orland14@yahoo.com,0926270828,female,1974-02-14,489325398744
Ernesto Mayer,Ludie_Ondricka@hotmail.com,0955620447,female,1982-01-16,126725095731
Dr. Brett Douglas,Anderson.Boyle83@gmail.com,0914489950,female,1960-09-18,857225857742
Gloria McGlynn,London_Rath50@gmail.com,0901355528,female,1988-01-22,168487194792
Ms. Darrel Hamill,Madeline78@gmail.com,0980045587,male,1992-10-16,240577163310
Geoffrey O'Keefe,Efren_Boyer41@gmail.com,0955492952,male,1997-04-17,539678398690
Leonard Schinner MD,Marjory.Turner4@gmail.com,0945713512,male,1964-10-07,731347394967
Jerald O'Kon,Charlene.Bechtelar12@yahoo.com,0900737518,male,1952-07-05,321847559703
Hugo Wolf,Joel25@hotmail.com,0974276841,male,1975-08-06,752311458690
Lee Willms,Blaise.Funk50@hotmail.com,0944885434,male,2001-07-24,504695915206
Tricia Bergnaum,Adah.Hermiston57@gmail.com,0993553592,male,1958-09-11,674738149258
William Beahan,Celestine.Renner13@gmail.com,0965174845,male,1999-02-25,836991062881
Russell Bruen,Marjolaine.Hartmann@gmail.com,0905704154,female,1988-02-19,238276226178
Blanche Hills,Cynthia_Hills@yahoo.com,0948177640,female,1957-12-16,746016860151
Mr. Larry Beer,Telly69@yahoo.com,0917258502,male,1988-02-03,906300052350
Rene Schulist,Cleta_Keebler@gmail.com,0945366867,female,1963-11-16,318395604231
Monique Kozey,Remington_Skiles73@gmail.com,0971625367,female,1998-12-23,511047110421
Jason Flatley,Imelda_Lakin@gmail.com,0992773579,male,1955-07-04,865577352411
Rosemarie Sauer,Carissa_Heller@hotmail.com,0993226394,female,1975-04-21,601114739192
Tricia Gottlieb,Noah.Oberbrunner@yahoo.com,0961113629,female,1968-01-10,591151402074
Robin Gislason,Ludie_Bahringer@gmail.com,0900173251,male,1953-03-21,696581147858
Mathew Stracke,Anna_Kessler@gmail.com,0942418514,male,1976-12-23,912125754457
Marilyn Rau,Kian87@yahoo.com,0999330417,female,1963-03-16,076948798907
Tamara Heller,Jaqueline_Blick@gmail.com,0972374097,male,1995-03-13,112145789821
Emilio Lehner,Halle81@gmail.com,0979596208,female,1998-07-29,756949167333
Terry Bergstrom,Manley.Cremin96@yahoo.com,0982474148,male,1956-05-12,866826223785
Forrest Vandervort,Serenity_Dach@gmail.com,0964676959,male,1959-10-07,017421520536
Wilma Borer,Kristoffer_Pacocha@yahoo.com,0976516808,female,1998-11-11,716941804953
Florence Lebsack,Reanna25@hotmail.com,0997114296,male,1972-06-28,127086530513
Pat Grant DDS,Juwan.Mertz62@yahoo.com,0965153369,male,1997-02-24,090496899049
Mitchell Heller,Kennedy75@gmail.com,0951588133,male,1980-12-12,031014395989
Jeannette Krajcik,Emerson34@hotmail.com,0901921340,female,1965-06-21,047869279774
Harry Sawayn,Zachery_Abshire@yahoo.com,0966366790,female,1992-05-02,908122444750
Ms. Margarita Brekke,Bertha90@yahoo.com,0921448349,female,1961-08-17,208039291945
Mr. Jeremiah Walker,Cruz_McCullough@hotmail.com,0937048598,female,1958-12-17,644969713179
Willie Fahey,Johanna_Bode@gmail.com,0955216057,male,1958-03-26,707328213308
Miss Norman Harris,Jamison43@yahoo.com,0924623725,female,1955-04-11,043020305694
Lewis Streich,Adella.Spinka40@gmail.com,0982491196,female,1959-06-05,775759028699
Erica Mosciski,Willie_Rice@gmail.com,0986376359,male,1969-01-13,814410921929
Cody Gulgowski,Jon_Stroman76@gmail.com,0946133098,male,1973-03-23,415191691061
Jenna Prosacco,Haleigh69@hotmail.com,0982849610,female,1956-07-21,919434702566
Van Weissnat,Mattie.Hansen92@hotmail.com,0970378580,female,1964-07-05,072052189111